<?xml version="1.0" encoding="UTF-8"?>
<project-private xmlns="http://www.netbeans.org/ns/project-private/1">
    <editor-bookmarks xmlns="http://www.netbeans.org/ns/editor-bookmarks/2" lastBookmarkId="0"/>
    <open-files xmlns="http://www.netbeans.org/ns/projectui-open-files/2">
        <group>
            <file>file:/C:/Users/Juanma/Desktop/tutorial%20neatbeans/ActividadEvaluable5/src/actividadevaluable5/ActividadEvaluable5.java</file>
            <file>file:/C:/Users/Juanma/Desktop/tutorial%20neatbeans/ActividadEvaluable5/src/util/DateUtil.java</file>
            <file>file:/C:/Users/Juanma/Desktop/tutorial%20neatbeans/ActividadEvaluable5/src/view/PersonOverviewController.java</file>
            <file>file:/C:/Users/Juanma/Desktop/tutorial%20neatbeans/ActividadEvaluable5/src/model/PersonListWrapper.java</file>
            <file>file:/C:/Users/Juanma/Desktop/tutorial%20neatbeans/ActividadEvaluable5/src/model/Person.java</file>
        </group>
    </open-files>
</project-private>
